RecordType,Company,Number,VendorGroup,Vendor,VendorName,TransactionDate,JCCo,Job,JobDescription,Description,DetailLineCount,TotalOrigCost,TotalOrigTax,RemainingAmount,RemainingTax
PO,201,130100209,101,500020,3DI WEST,6/25/2014 0:00,201,999015-001,Salmon Bay Part Deux,No Description,1,500,0,500,0
PO,201,130100210,101,503841,FERGUSON ENTERPRISES INC,7/17/2014 0:00,201,150000-010,University of Washington Medical Center Phase I,Material for Job,1,200,0,200,0
PO,201,14141001,101,500026,4 SEASONS COFFEE CO,5/21/2014 0:00,201,999024-001,test,TEST,1,2000,0,2000,0
PO,201,14174001,101,500009,2121 BELMONT,5/20/2014 0:00,201,999015-001,Salmon Bay Part Deux,Permits,4,3645,0,3645,0
PO,201,14176001,101,500020,3DI WEST,6/25/2014 0:00,201,999015-001,Salmon Bay Part Deux,No Description,1,500,0,500,0
PO,201,14183001,101,500136,ABM EQUIPMENT CO INC,7/3/2014 0:00,201,999037-001,University of Washington Medical Center Phase I,Major Equipment,1,10000,0,10000,0
PO,201,14183002,101,500018,360 SHEET METAL LLC,7/4/2014 0:00,201,999037-001,University of Washington Medical Center Phase I,Sheet Metal,1,42000,0,42000,0
PO,201,14183003,101,504349,GRAINGER INC,7/4/2014 0:00,201,999037-001,University of Washington Medical Center Phase I,Misc Materials,1,5000,0,5000,0
PO,201,14184001,101,500018,360 SHEET METAL LLC,7/4/2014 0:00,201,150000-008,University of Washington Medical Center Phase I,Sheet Metal,1,42000,0,42000,0
PO,201,14184002,101,500136,ABM EQUIPMENT CO INC,7/3/2014 0:00,201,150000-008,University of Washington Medical Center Phase I,Major Equipment,1,10000,0,10000,0
PO,201,14184003,101,504349,GRAINGER INC,7/4/2014 0:00,201,150000-008,University of Washington Medical Center Phase I,Misc Materials,1,5000,0,5000,0
PO,201,14184004,101,500018,360 SHEET METAL LLC,7/4/2014 0:00,201,150000-033,University of Washington Medical Center Phase I,Sheet Metal,1,42000,0,42000,0
PO,201,14184005,101,500136,ABM EQUIPMENT CO INC,7/3/2014 0:00,201,150000-033,University of Washington Medical Center Phase I,Major Equipment,1,10000,0,10000,0
PO,201,14184006,101,504349,GRAINGER INC,7/4/2014 0:00,201,150000-033,University of Washington Medical Center Phase I,Misc Materials,1,5000,0,5000,0
PO,201,14184007,101,500018,360 SHEET METAL LLC,7/4/2014 0:00,201,150000-032,University of Washington Medical Center Phase I,Sheet Metal,1,42000,0,42000,0
PO,201,14184008,101,500136,ABM EQUIPMENT CO INC,7/3/2014 0:00,201,150000-032,University of Washington Medical Center Phase I,Major Equipment,1,10000,0,10000,0
PO,201,14184009,101,504349,GRAINGER INC,7/4/2014 0:00,201,150000-032,University of Washington Medical Center Phase I,Misc Materials,1,5000,0,5000,0
PO,201,14184010,101,500018,360 SHEET METAL LLC,7/4/2014 0:00,201,150000-031,University of Washington Medical Center Phase I,Sheet Metal,1,42000,0,42000,0
PO,201,14184011,101,500136,ABM EQUIPMENT CO INC,7/3/2014 0:00,201,150000-031,University of Washington Medical Center Phase I,Major Equipment,1,10000,0,10000,0
PO,201,14184012,101,504349,GRAINGER INC,7/4/2014 0:00,201,150000-031,University of Washington Medical Center Phase I,Misc Material,1,5000,0,5000,0
PO,201,14184013,101,500018,360 SHEET METAL LLC,7/4/2014 0:00,201,150000-030,University of Washington Medical Center Phase I,Sheet Metal,1,42000,0,42000,0
PO,201,14184014,101,500136,ABM EQUIPMENT CO INC,7/3/2014 0:00,201,150000-030,University of Washington Medical Center Phase I,Major Equipment,1,10000,0,10000,0
PO,201,14184015,101,504349,GRAINGER INC,7/4/2014 0:00,201,150000-030,University of Washington Medical Center Phase I,Misc Materials,1,5000,0,5000,0
PO,201,14184016,101,500018,360 SHEET METAL LLC,7/4/2011 0:00,201,150000-029,University of Washington Medical Center Phase I,Sheet Metal,1,42000,0,42000,0
PO,201,14184017,101,500136,ABM EQUIPMENT CO INC,7/3/2014 0:00,201,150000-029,University of Washington Medical Center Phase I,Major Equipment,1,10000,0,10000,0
PO,201,14184018,101,504349,GRAINGER INC,7/4/2014 0:00,201,150000-029,University of Washington Medical Center Phase I,Misc Materials,1,5000,0,5000,0
PO,201,14184019,101,500018,360 SHEET METAL LLC,7/4/2014 0:00,201,150000-028,University of Washington Medical Center Phase I,Sheet Metal,1,42000,0,42000,0
PO,201,14184020,101,500136,ABM EQUIPMENT CO INC,7/3/2014 0:00,201,150000-028,University of Washington Medical Center Phase I,Major Equipment,1,10000,0,10000,0
PO,201,14184021,101,504349,GRAINGER INC,7/4/2014 0:00,201,150000-028,University of Washington Medical Center Phase I,Misc Materials,1,5000,0,5000,0
PO,201,14184022,101,500018,360 SHEET METAL LLC,7/4/2014 0:00,201,150000-027,University of Washington Medical Center Phase I,Sheet Metal,1,42000,0,42000,0
PO,201,14184023,101,500136,ABM EQUIPMENT CO INC,7/3/2014 0:00,201,150000-027,University of Washington Medical Center Phase I,Major Equipment,1,10000,0,10000,0
PO,201,14184024,101,504349,GRAINGER INC,7/4/2014 0:00,201,150000-027,University of Washington Medical Center Phase I,Misc Materials,1,5000,0,5000,0
PO,201,14184025,101,500018,360 SHEET METAL LLC,7/4/2014 0:00,201,150000-026,University of Washington Medical Center Phase I,Sheet Metal,1,42000,0,42000,0
PO,201,14184026,101,500136,ABM EQUIPMENT CO INC,7/3/2014 0:00,201,150000-026,University of Washington Medical Center Phase I,Major Equipment,1,10000,0,10000,0
PO,201,14184027,101,504349,GRAINGER INC,7/4/2014 0:00,201,150000-026,University of Washington Medical Center Phase I,Misc Materials,1,5000,0,5000,0
PO,201,14184028,101,500018,360 SHEET METAL LLC,7/4/2014 0:00,201,150000-025,University of Washington Medical Center Phase I,Sheet Metal,1,42000,0,42000,0
PO,201,14184029,101,500136,ABM EQUIPMENT CO INC,7/3/2014 0:00,201,150000-025,University of Washington Medical Center Phase I,Major Equipment,1,10000,0,10000,0
PO,201,14184030,101,504349,GRAINGER INC,7/4/2014 0:00,201,150000-025,University of Washington Medical Center Phase I,Misc Material,1,5000,0,5000,0
PO,201,14184031,101,500018,360 SHEET METAL LLC,7/4/2014 0:00,201,150000-024,University of Washington Medical Center Phase I,Sheet Metal,1,42000,0,42000,0
PO,201,14184032,101,500136,ABM EQUIPMENT CO INC,7/3/2014 0:00,201,150000-024,University of Washington Medical Center Phase I,Major Equipment,1,10000,0,10000,0
PO,201,14184033,101,504349,GRAINGER INC,7/4/2014 0:00,201,150000-024,University of Washington Medical Center Phase I,Misc Materials,1,5000,0,5000,0
PO,201,14184034,101,500018,360 SHEET METAL LLC,7/4/2014 0:00,201,150000-023,University of Washington Medical Center Phase I,Sheet Metal,1,42000,0,42000,0
PO,201,14184035,101,500136,ABM EQUIPMENT CO INC,7/3/2014 0:00,201,150000-023,University of Washington Medical Center Phase I,Major Equipment,1,10000,0,10000,0
PO,201,14184036,101,504349,GRAINGER INC,7/4/2014 0:00,201,150000-023,University of Washington Medical Center Phase I,Misc Material,1,5000,0,5000,0
PO,201,14184037,101,500018,360 SHEET METAL LLC,7/4/2014 0:00,201,150000-022,University of Washington Medical Center Phase I,Sheet Metal,1,42000,0,42000,0
PO,201,14184038,101,500136,ABM EQUIPMENT CO INC,7/3/2014 0:00,201,150000-022,University of Washington Medical Center Phase I,Major Equipment,1,10000,0,10000,0
PO,201,14184039,101,504349,GRAINGER INC,7/4/2014 0:00,201,150000-022,University of Washington Medical Center Phase I,Misc Material,1,5000,0,5000,0
PO,201,14184040,101,500018,360 SHEET METAL LLC,7/4/2014 0:00,201,150000-021,University of Washington Medical Center Phase I,Sheet Metal,1,42000,0,42000,0
PO,201,14184041,101,500136,ABM EQUIPMENT CO INC,7/3/2014 0:00,201,150000-021,University of Washington Medical Center Phase I,Majore Equipment,1,10000,0,10000,0
PO,201,14184042,101,504349,GRAINGER INC,7/4/2014 0:00,201,150000-021,University of Washington Medical Center Phase I,Misc Materials,1,5000,0,5000,0
PO,201,14184043,101,500018,360 SHEET METAL LLC,7/4/2014 0:00,201,150000-020,University of Washington Medical Center Phase I,Sheet Metal,1,42000,0,42000,0
PO,201,14184044,101,500134,ABLE ENGINEERING SVCS,7/3/2014 0:00,201,150000-020,University of Washington Medical Center Phase I,Majore Equipment,1,10000,0,10000,0
PO,201,14184045,101,504349,GRAINGER INC,7/4/2014 0:00,201,150000-020,University of Washington Medical Center Phase I,Misc Material,1,5000,0,5000,0
PO,201,14184046,101,500018,360 SHEET METAL LLC,7/4/2014 0:00,201,150000-019,University of Washington Medical Center Phase I,Sheet Metal,1,42000,0,42000,0
PO,201,14184047,101,500136,ABM EQUIPMENT CO INC,7/3/2014 0:00,201,150000-019,University of Washington Medical Center Phase I,Majore Equipment,1,10000,0,10000,0
PO,201,14184048,101,504349,GRAINGER INC,7/4/2014 0:00,201,150000-019,University of Washington Medical Center Phase I,Misc Materials,1,5000,0,5000,0
PO,201,14184049,101,500018,360 SHEET METAL LLC,7/4/2014 0:00,201,150000-018,University of Washington Medical Center Phase I,Sheet Metal,1,42000,0,42000,0
PO,201,14184050,101,500136,ABM EQUIPMENT CO INC,7/4/2014 0:00,201,150000-018,University of Washington Medical Center Phase I,Majore Equipment,1,10000,0,10000,0
PO,201,14184051,101,504349,GRAINGER INC,7/4/2014 0:00,201,150000-018,University of Washington Medical Center Phase I,Misc Material,1,5000,0,5000,0
PO,201,14184052,101,500018,360 SHEET METAL LLC,7/4/2014 0:00,201,150000-017,University of Washington Medical Center Phase I,Sheet Metal,1,42000,0,42000,0
PO,201,14184053,101,500136,ABM EQUIPMENT CO INC,7/3/2014 0:00,201,150000-017,University of Washington Medical Center Phase I,Major Equipment,1,10000,0,10000,0
PO,201,14184054,101,504349,GRAINGER INC,7/4/2014 0:00,201,150000-017,University of Washington Medical Center Phase I,Misc Materials,1,5000,0,5000,0
PO,201,14184055,101,500018,360 SHEET METAL LLC,7/4/2014 0:00,201,150000-016,University of Washington Medical Center Phase I,Sheet Metal,1,42000,0,42000,0
PO,201,14184056,101,500136,ABM EQUIPMENT CO INC,7/3/2014 0:00,201,150000-016,University of Washington Medical Center Phase I,Majore Equipment,1,10000,0,10000,0
PO,201,14184057,101,504349,GRAINGER INC,7/4/2014 0:00,201,150000-016,University of Washington Medical Center Phase I,Misc Materials,1,5000,0,5000,0
PO,201,14184058,101,500018,360 SHEET METAL LLC,7/4/2014 0:00,201,150000-015,University of Washington Medical Center Phase I,Sheet Metal,1,42000,0,42000,0
PO,201,14184059,101,500136,ABM EQUIPMENT CO INC,7/3/2014 0:00,201,150000-015,University of Washington Medical Center Phase I,Major Equipment,1,10000,0,10000,0
PO,201,14184060,101,504349,GRAINGER INC,7/4/2014 0:00,201,150000-015,University of Washington Medical Center Phase I,Misc Materials,1,5000,0,5000,0
PO,201,14184061,101,500018,360 SHEET METAL LLC,7/4/2014 0:00,201,150000-014,University of Washington Medical Center Phase I,Sheet Metal,1,42000,0,42000,0
PO,201,14184062,101,500136,ABM EQUIPMENT CO INC,7/3/2014 0:00,201,150000-014,University of Washington Medical Center Phase I,Major Equipment,1,10000,0,10000,0
PO,201,14184063,101,504349,GRAINGER INC,7/4/2014 0:00,201,150000-014,University of Washington Medical Center Phase I,Misc Materials,1,5000,0,5000,0
PO,201,14184064,101,500018,360 SHEET METAL LLC,7/4/2014 0:00,201,150000-013,University of Washington Medical Center Phase I,Sheet Metal,1,42000,0,42000,0
PO,201,14184065,101,500136,ABM EQUIPMENT CO INC,7/3/2014 0:00,201,150000-013,University of Washington Medical Center Phase I,Major Equipment,1,10000,0,10000,0
PO,201,14184066,101,504349,GRAINGER INC,7/4/2014 0:00,201,150000-013,University of Washington Medical Center Phase I,Misc Material,1,5000,0,5000,0
PO,201,14184067,101,500018,360 SHEET METAL LLC,7/4/2014 0:00,201,150000-012,University of Washington Medical Center Phase I,Sheet Metal,1,42000,0,42000,0
PO,201,14184068,101,500136,ABM EQUIPMENT CO INC,7/3/2014 0:00,201,150000-012,University of Washington Medical Center Phase I,Major Equipment,1,10000,0,10000,0
PO,201,14184069,101,504349,GRAINGER INC,7/4/2014 0:00,201,150000-012,University of Washington Medical Center Phase I,Misc Materials,1,5000,0,5000,0
PO,201,14184070,101,500018,360 SHEET METAL LLC,7/4/2014 0:00,201,150000-011,University of Washington Medical Center Phase I,Sheet Metal,1,42000,0,42000,0
PO,201,14184071,101,500136,ABM EQUIPMENT CO INC,7/3/2014 0:00,201,150000-011,University of Washington Medical Center Phase I,Major Equipment,1,10000,0,10000,0
PO,201,14184072,101,504349,GRAINGER INC,7/4/2014 0:00,201,150000-011,University of Washington Medical Center Phase I,Misc Materials,1,5000,0,5000,0
PO,201,14184073,101,500018,360 SHEET METAL LLC,7/4/2014 0:00,201,150000-010,University of Washington Medical Center Phase I,Sheet Metal,1,42000,0,42001,0
PO,201,14184074,101,500136,ABM EQUIPMENT CO INC,7/3/2014 0:00,201,150000-010,University of Washington Medical Center Phase I,Major Equipment,1,10000,0,10000,0
PO,201,14184075,101,504349,GRAINGER INC,7/4/2014 0:00,201,150000-010,University of Washington Medical Center Phase I,Misc Material,1,5000,0,5000,0
PO,201,14184076,101,500018,360 SHEET METAL LLC,7/4/2014 0:00,201,150000-009,University of Washington Medical Center Phase I,Sheet Metal,1,42000,0,42000,0
PO,201,14184077,101,500136,ABM EQUIPMENT CO INC,7/3/2014 0:00,201,150000-009,University of Washington Medical Center Phase I,Major Equipment,1,10000,0,10000,0
PO,201,14184078,101,504349,GRAINGER INC,7/4/2014 0:00,201,150000-009,University of Washington Medical Center Phase I,Misc Materials,1,5000,0,5000,0
PO,201,14184079,101,510409,TRANE COMPANY,5/7/2014 0:00,201,999041-001,Stone 34 TI-Sales,Gym TI Fan Coil Units,1,10750,0,10750,0
PO,201,14184080,101,505647,KELLER SUPPLY COMPANY,7/3/2014 0:00,201,999041-001,Stone 34 TI-Sales,Water Heaters,1,8425,0,9025,0
PO,201,14198003,101,503841,FERGUSON ENTERPRISES INC,7/17/2014 0:00,201,150000-010,University of Washington Medical Center Phase I,Material for Job,1,200,0,200,0
PO,201,150000-0080001      ,101,500018,360 SHEET METAL LLC,7/4/2014 0:00,201,150000-008,University of Washington Medical Center Phase I,Sheet Metal,1,42000,0,42000,0
PO,201,150000-0080002      ,101,500136,ABM EQUIPMENT CO INC,7/3/2014 0:00,201,150000-008,University of Washington Medical Center Phase I,Major Equipment,1,10000,0,10000,0
PO,201,150000-0080003      ,101,504349,GRAINGER INC,7/4/2014 0:00,201,150000-008,University of Washington Medical Center Phase I,Misc Materials,1,5000,0,5000,0
PO,201,150000-0090001      ,101,500018,360 SHEET METAL LLC,7/4/2014 0:00,201,150000-009,University of Washington Medical Center Phase I,Sheet Metal,1,42000,0,42000,0
PO,201,150000-0090002      ,101,500136,ABM EQUIPMENT CO INC,7/3/2014 0:00,201,150000-009,University of Washington Medical Center Phase I,Major Equipment,1,10000,0,10000,0
PO,201,150000-0090003      ,101,504349,GRAINGER INC,7/4/2014 0:00,201,150000-009,University of Washington Medical Center Phase I,Misc Materials,1,5000,0,5000,0
PO,201,150000-0100001      ,101,500018,360 SHEET METAL LLC,7/4/2014 0:00,201,150000-010,University of Washington Medical Center Phase I,Sheet Metal,1,42000,0,42001,0
PO,201,150000-0100002      ,101,500136,ABM EQUIPMENT CO INC,7/3/2014 0:00,201,150000-010,University of Washington Medical Center Phase I,Major Equipment,1,10000,0,10000,0
PO,201,150000-0100003      ,101,504349,GRAINGER INC,7/4/2014 0:00,201,150000-010,University of Washington Medical Center Phase I,Misc Material,1,5000,0,5000,0
PO,201,150000-0110001      ,101,500018,360 SHEET METAL LLC,7/4/2014 0:00,201,150000-011,University of Washington Medical Center Phase I,Sheet Metal,1,42000,0,42000,0
PO,201,150000-0110002      ,101,500136,ABM EQUIPMENT CO INC,7/3/2014 0:00,201,150000-011,University of Washington Medical Center Phase I,Major Equipment,1,10000,0,10000,0
PO,201,150000-0110003      ,101,504349,GRAINGER INC,7/4/2014 0:00,201,150000-011,University of Washington Medical Center Phase I,Misc Materials,1,5000,0,5000,0
PO,201,150000-0120001      ,101,500018,360 SHEET METAL LLC,7/4/2014 0:00,201,150000-012,University of Washington Medical Center Phase I,Sheet Metal,1,42000,0,42000,0
PO,201,150000-0120002      ,101,500136,ABM EQUIPMENT CO INC,7/3/2014 0:00,201,150000-012,University of Washington Medical Center Phase I,Major Equipment,1,10000,0,10000,0
PO,201,150000-0120003      ,101,504349,GRAINGER INC,7/4/2014 0:00,201,150000-012,University of Washington Medical Center Phase I,Misc Materials,1,5000,0,5000,0
PO,201,150000-0130001      ,101,500018,360 SHEET METAL LLC,7/4/2014 0:00,201,150000-013,University of Washington Medical Center Phase I,Sheet Metal,1,42000,0,42000,0
PO,201,150000-0130002      ,101,500136,ABM EQUIPMENT CO INC,7/3/2014 0:00,201,150000-013,University of Washington Medical Center Phase I,Major Equipment,1,10000,0,10000,0
PO,201,150000-0130003      ,101,504349,GRAINGER INC,7/4/2014 0:00,201,150000-013,University of Washington Medical Center Phase I,Misc Material,1,5000,0,5000,0
PO,201,150000-0140001      ,101,500018,360 SHEET METAL LLC,7/4/2014 0:00,201,150000-014,University of Washington Medical Center Phase I,Sheet Metal,1,42000,0,42000,0
PO,201,150000-0140002      ,101,500136,ABM EQUIPMENT CO INC,7/3/2014 0:00,201,150000-014,University of Washington Medical Center Phase I,Major Equipment,1,10000,0,10000,0
PO,201,150000-0140003      ,101,504349,GRAINGER INC,7/4/2014 0:00,201,150000-014,University of Washington Medical Center Phase I,Misc Materials,1,5000,0,5000,0
PO,201,150000-0150001      ,101,500018,360 SHEET METAL LLC,7/4/2014 0:00,201,150000-015,University of Washington Medical Center Phase I,Sheet Metal,1,42000,0,42000,0
PO,201,150000-0150002      ,101,500136,ABM EQUIPMENT CO INC,7/3/2014 0:00,201,150000-015,University of Washington Medical Center Phase I,Major Equipment,1,10000,0,10000,0
PO,201,150000-0150003      ,101,504349,GRAINGER INC,7/4/2014 0:00,201,150000-015,University of Washington Medical Center Phase I,Misc Materials,1,5000,0,5000,0
PO,201,150000-0160001      ,101,500018,360 SHEET METAL LLC,7/4/2014 0:00,201,150000-016,University of Washington Medical Center Phase I,Sheet Metal,1,42000,0,42000,0
PO,201,150000-0160002      ,101,500136,ABM EQUIPMENT CO INC,7/3/2014 0:00,201,150000-016,University of Washington Medical Center Phase I,Majore Equipment,1,10000,0,10000,0
PO,201,150000-0160003      ,101,504349,GRAINGER INC,7/4/2014 0:00,201,150000-016,University of Washington Medical Center Phase I,Misc Materials,1,5000,0,5000,0
PO,201,150000-0170001      ,101,500018,360 SHEET METAL LLC,7/4/2014 0:00,201,150000-017,University of Washington Medical Center Phase I,Sheet Metal,1,42000,0,42000,0
PO,201,150000-0170002      ,101,500136,ABM EQUIPMENT CO INC,7/3/2014 0:00,201,150000-017,University of Washington Medical Center Phase I,Major Equipment,1,10000,0,10000,0
PO,201,150000-0170003      ,101,504349,GRAINGER INC,7/4/2014 0:00,201,150000-017,University of Washington Medical Center Phase I,Misc Materials,1,5000,0,5000,0
PO,201,150000-0180001      ,101,500018,360 SHEET METAL LLC,7/4/2014 0:00,201,150000-018,University of Washington Medical Center Phase I,Sheet Metal,1,42000,0,42000,0
PO,201,150000-0180002      ,101,500136,ABM EQUIPMENT CO INC,7/4/2014 0:00,201,150000-018,University of Washington Medical Center Phase I,Majore Equipment,1,10000,0,10000,0
PO,201,150000-0180003      ,101,504349,GRAINGER INC,7/4/2014 0:00,201,150000-018,University of Washington Medical Center Phase I,Misc Material,1,5000,0,5000,0
PO,201,150000-0190001      ,101,500018,360 SHEET METAL LLC,7/4/2014 0:00,201,150000-019,University of Washington Medical Center Phase I,Sheet Metal,1,42000,0,42000,0
PO,201,150000-0190002      ,101,500136,ABM EQUIPMENT CO INC,7/3/2014 0:00,201,150000-019,University of Washington Medical Center Phase I,Majore Equipment,1,10000,0,10000,0
PO,201,150000-0190003      ,101,504349,GRAINGER INC,7/4/2014 0:00,201,150000-019,University of Washington Medical Center Phase I,Misc Materials,1,5000,0,5000,0
PO,201,150000-0200001      ,101,500018,360 SHEET METAL LLC,7/4/2014 0:00,201,150000-020,University of Washington Medical Center Phase I,Sheet Metal,1,42000,0,42000,0
PO,201,150000-0200002      ,101,500134,ABLE ENGINEERING SVCS,7/3/2014 0:00,201,150000-020,University of Washington Medical Center Phase I,Majore Equipment,1,10000,0,10000,0
PO,201,150000-0200003      ,101,504349,GRAINGER INC,7/4/2014 0:00,201,150000-020,University of Washington Medical Center Phase I,Misc Material,1,5000,0,5000,0
PO,201,150000-0210001      ,101,500018,360 SHEET METAL LLC,7/4/2014 0:00,201,150000-021,University of Washington Medical Center Phase I,Sheet Metal,1,42000,0,42000,0
PO,201,150000-0210002      ,101,500136,ABM EQUIPMENT CO INC,7/3/2014 0:00,201,150000-021,University of Washington Medical Center Phase I,Majore Equipment,1,10000,0,10000,0
PO,201,150000-0210003      ,101,504349,GRAINGER INC,7/4/2014 0:00,201,150000-021,University of Washington Medical Center Phase I,Misc Materials,1,5000,0,5000,0
PO,201,150000-0220001      ,101,500018,360 SHEET METAL LLC,7/4/2014 0:00,201,150000-022,University of Washington Medical Center Phase I,Sheet Metal,1,42000,0,42000,0
PO,201,150000-0220002      ,101,500136,ABM EQUIPMENT CO INC,7/3/2014 0:00,201,150000-022,University of Washington Medical Center Phase I,Major Equipment,1,10000,0,10000,0
PO,201,150000-0220003      ,101,504349,GRAINGER INC,7/4/2014 0:00,201,150000-022,University of Washington Medical Center Phase I,Misc Material,1,5000,0,5000,0
PO,201,150000-0230001      ,101,500018,360 SHEET METAL LLC,7/4/2014 0:00,201,150000-023,University of Washington Medical Center Phase I,Sheet Metal,1,42000,0,42000,0
PO,201,150000-0230002      ,101,500136,ABM EQUIPMENT CO INC,7/3/2014 0:00,201,150000-023,University of Washington Medical Center Phase I,Major Equipment,1,10000,0,10000,0
PO,201,150000-0230003      ,101,504349,GRAINGER INC,7/4/2014 0:00,201,150000-023,University of Washington Medical Center Phase I,Misc Material,1,5000,0,5000,0
PO,201,150000-0240001      ,101,500018,360 SHEET METAL LLC,7/4/2014 0:00,201,150000-024,University of Washington Medical Center Phase I,Sheet Metal,1,42000,0,42000,0
PO,201,150000-0240002      ,101,500136,ABM EQUIPMENT CO INC,7/3/2014 0:00,201,150000-024,University of Washington Medical Center Phase I,Major Equipment,1,10000,0,10000,0
PO,201,150000-0240003      ,101,504349,GRAINGER INC,7/4/2014 0:00,201,150000-024,University of Washington Medical Center Phase I,Misc Materials,1,5000,0,5000,0
PO,201,150000-0250001      ,101,500018,360 SHEET METAL LLC,7/4/2014 0:00,201,150000-025,University of Washington Medical Center Phase I,Sheet Metal,1,42000,0,42000,0
PO,201,150000-0250002      ,101,500136,ABM EQUIPMENT CO INC,7/3/2014 0:00,201,150000-025,University of Washington Medical Center Phase I,Major Equipment,1,10000,0,10000,0
PO,201,150000-0250003      ,101,504349,GRAINGER INC,7/4/2014 0:00,201,150000-025,University of Washington Medical Center Phase I,Misc Material,1,5000,0,5000,0
PO,201,150000-0260001      ,101,500018,360 SHEET METAL LLC,7/4/2014 0:00,201,150000-026,University of Washington Medical Center Phase I,Sheet Metal,1,42000,0,42000,0
PO,201,150000-0260002      ,101,500136,ABM EQUIPMENT CO INC,7/3/2014 0:00,201,150000-026,University of Washington Medical Center Phase I,Major Equipment,1,10000,0,10000,0
PO,201,150000-0260003      ,101,504349,GRAINGER INC,7/4/2014 0:00,201,150000-026,University of Washington Medical Center Phase I,Misc Materials,1,5000,0,5000,0
PO,201,150000-0270001      ,101,500018,360 SHEET METAL LLC,7/4/2014 0:00,201,150000-027,University of Washington Medical Center Phase I,Sheet Metal,1,42000,0,42000,0
PO,201,150000-0270002      ,101,500136,ABM EQUIPMENT CO INC,7/3/2014 0:00,201,150000-027,University of Washington Medical Center Phase I,Major Equipment,1,10000,0,10000,0
PO,201,150000-0270003      ,101,504349,GRAINGER INC,7/4/2014 0:00,201,150000-027,University of Washington Medical Center Phase I,Misc Materials,1,5000,0,5000,0
PO,201,150000-0280001      ,101,500018,360 SHEET METAL LLC,7/4/2014 0:00,201,150000-028,University of Washington Medical Center Phase I,Sheet Metal,1,42000,0,42000,0
PO,201,150000-0280002      ,101,500136,ABM EQUIPMENT CO INC,7/3/2014 0:00,201,150000-028,University of Washington Medical Center Phase I,Major Equipment,1,10000,0,10000,0
PO,201,150000-0280003      ,101,504349,GRAINGER INC,7/4/2014 0:00,201,150000-028,University of Washington Medical Center Phase I,Misc Materials,1,5000,0,5000,0
PO,201,150000-0290001      ,101,500018,360 SHEET METAL LLC,7/4/2011 0:00,201,150000-029,University of Washington Medical Center Phase I,Sheet Metal,1,42000,0,42000,0
PO,201,150000-0290002      ,101,500136,ABM EQUIPMENT CO INC,7/3/2014 0:00,201,150000-029,University of Washington Medical Center Phase I,Major Equipment,1,10000,0,10000,0
PO,201,150000-0290003      ,101,504349,GRAINGER INC,7/4/2014 0:00,201,150000-029,University of Washington Medical Center Phase I,Misc Materials,1,5000,0,5000,0
PO,201,150000-0300001      ,101,500018,360 SHEET METAL LLC,7/4/2014 0:00,201,150000-030,University of Washington Medical Center Phase I,Sheet Metal,1,42000,0,42000,0
PO,201,150000-0300002      ,101,500136,ABM EQUIPMENT CO INC,7/3/2014 0:00,201,150000-030,University of Washington Medical Center Phase I,Major Equipment,1,10000,0,10000,0
PO,201,150000-0300003      ,101,504349,GRAINGER INC,7/4/2014 0:00,201,150000-030,University of Washington Medical Center Phase I,Misc Materials,1,5000,0,5000,0
PO,201,150000-0310001      ,101,500018,360 SHEET METAL LLC,7/4/2014 0:00,201,150000-031,University of Washington Medical Center Phase I,Sheet Metal,1,42000,0,42000,0
PO,201,150000-0310002      ,101,500136,ABM EQUIPMENT CO INC,7/3/2014 0:00,201,150000-031,University of Washington Medical Center Phase I,Major Equipment,1,10000,0,10000,0
PO,201,150000-0310003      ,101,504349,GRAINGER INC,7/4/2014 0:00,201,150000-031,University of Washington Medical Center Phase I,Misc Material,1,5000,0,5000,0
PO,201,150000-0320001      ,101,500018,360 SHEET METAL LLC,7/4/2014 0:00,201,150000-032,University of Washington Medical Center Phase I,Sheet Metal,1,42000,0,42000,0
PO,201,150000-0320002      ,101,500136,ABM EQUIPMENT CO INC,7/3/2014 0:00,201,150000-032,University of Washington Medical Center Phase I,Major Equipment,1,10000,0,10000,0
PO,201,150000-0320003      ,101,504349,GRAINGER INC,7/4/2014 0:00,201,150000-032,University of Washington Medical Center Phase I,Misc Materials,1,5000,0,5000,0
PO,201,150000-0330001      ,101,500018,360 SHEET METAL LLC,7/4/2014 0:00,201,150000-033,University of Washington Medical Center Phase I,Sheet Metal,1,42000,0,42000,0
PO,201,150000-0330002      ,101,500136,ABM EQUIPMENT CO INC,7/3/2014 0:00,201,150000-033,University of Washington Medical Center Phase I,Major Equipment,1,10000,0,10000,0
PO,201,150000-0330003      ,101,504349,GRAINGER INC,7/4/2014 0:00,201,150000-033,University of Washington Medical Center Phase I,Misc Materials,1,5000,0,5000,0
PO,201,999015-0010001,101,500009,2121 BELMONT,5/20/2014 0:00,201,999015-001,Salmon Bay Part Deux,Permits,4,3645,0,3645,0
PO,201,999024-0010001      ,101,500026,4 SEASONS COFFEE CO,5/21/2014 0:00,201,999024-001,test,TEST,1,2000,0,2000,0
PO,201,999037-0010001      ,101,500136,ABM EQUIPMENT CO INC,7/3/2014 0:00,201,999037-001,University of Washington Medical Center Phase I,Major Equipment,1,10000,0,10000,0
PO,201,999037-0010002      ,101,500018,360 SHEET METAL LLC,7/4/2014 0:00,201,999037-001,University of Washington Medical Center Phase I,Sheet Metal,1,42000,0,42000,0
PO,201,999037-0010003      ,101,504349,GRAINGER INC,7/4/2014 0:00,201,999037-001,University of Washington Medical Center Phase I,Misc Materials,1,5000,0,5000,0
PO,201,999041-0010001      ,101,510409,TRANE COMPANY,5/7/2014 0:00,201,999041-001,Stone 34 TI-Sales,Gym TI Fan Coil Units,1,10750,0,10750,0
PO,201,999041-0010002      ,101,505647,KELLER SUPPLY COMPANY,7/3/2014 0:00,201,999041-001,Stone 34 TI-Sales,Water Heaters,1,8425,0,9025,0
RI,201,2539226080,101,501900,CENTURYLINK,7/1/2014 0:00,,,,2539226080,1,999999,0,999999,0
RI,201,3606946159,101,501900,CENTURYLINK,7/1/2014 0:00,,,,3606946159,1,999999,0,999999,0
RI,201,828585588,101,500873,AT&T,7/1/2014 0:00,,,,828585588,1,0,0,0,0
RI,201,828591188,101,500873,AT&T,7/1/2014 0:00,,,,828591188,1,999999,0,999999,0
SC,201,150000-008001,101,500133,ABLE ELECTRIC OF SPOKANE,7/5/2014 0:00,201,150000-008,University of Washington Medical Center Phase I,Electrical,1,25000,0,25000,0
SC,201,150000-008002,101,500251,ADVANCED FILTER & MECH.,7/5/2014 0:00,201,150000-008,University of Washington Medical Center Phase I,Mechanical Design,1,14000,0,14000,0
SC,201,150000-008003,101,501626,CAD SOLUTIONS,7/5/2014 0:00,201,150000-008,University of Washington Medical Center Phase I,Mechanical CAD,1,1200,0,1200,0
SC,201,150000-009001,101,500133,ABLE ELECTRIC OF SPOKANE,7/5/2014 0:00,201,150000-009,University of Washington Medical Center Phase I,Electrical,1,25000,0,25000,0
SC,201,150000-009002,101,500251,ADVANCED FILTER & MECH.,7/5/2014 0:00,201,150000-009,University of Washington Medical Center Phase I,Mechanical Design,1,14000,0,14000,0
SC,201,150000-009003,101,501626,CAD SOLUTIONS,7/5/2014 0:00,201,150000-009,University of Washington Medical Center Phase I,Mechanical CAD,1,1200,0,1200,0
SC,201,150000-010001,101,500133,ABLE ELECTRIC OF SPOKANE,7/5/2014 0:00,201,150000-010,University of Washington Medical Center Phase I,Electrical,1,25000,0,25000,0
SC,201,150000-010002,101,500251,ADVANCED FILTER & MECH.,7/5/2014 0:00,201,150000-010,University of Washington Medical Center Phase I,Mechanical Design,1,14000,0,14000,0
SC,201,150000-010003,101,501626,CAD SOLUTIONS,7/5/2014 0:00,201,150000-010,University of Washington Medical Center Phase I,Mechanical CAD,1,1200,0,1200,0
SC,201,150000-010004,101,510051,TAT'S DELICATESSEN INC,7/24/2014 0:00,201,150000-010,University of Washington Medical Center Phase I,More Sandwiches,2,15000,0,15000,0
SC,201,150000-010005,101,504756,HUDSON BAY INSULATION,7/18/2014 0:00,201,150000-010,University of Washington Medical Center Phase I,Sandwiches,1,4000,0,4000,0
SC,201,150000-011001,101,500133,ABLE ELECTRIC OF SPOKANE,7/5/2014 0:00,201,150000-011,University of Washington Medical Center Phase I,Electrical,1,25000,0,25000,0
SC,201,150000-011002,101,500251,ADVANCED FILTER & MECH.,7/5/2014 0:00,201,150000-011,University of Washington Medical Center Phase I,Mechanical Design,1,14000,0,14000,0
SC,201,150000-011003,101,501626,CAD SOLUTIONS,7/5/2014 0:00,201,150000-011,University of Washington Medical Center Phase I,Mechanical CAD,1,1200,0,1200,0
SC,201,150000-012001,101,500133,ABLE ELECTRIC OF SPOKANE,7/5/2014 0:00,201,150000-012,University of Washington Medical Center Phase I,Electrical,1,25000,0,25000,0
SC,201,150000-012002,101,500251,ADVANCED FILTER & MECH.,7/5/2014 0:00,201,150000-012,University of Washington Medical Center Phase I,Mechanical Design,1,14000,0,14000,0
SC,201,150000-012003,101,501626,CAD SOLUTIONS,7/5/2014 0:00,201,150000-012,University of Washington Medical Center Phase I,Mechanical CAD,1,1200,0,1200,0
SC,201,150000-013001,101,500133,ABLE ELECTRIC OF SPOKANE,7/5/2014 0:00,201,150000-013,University of Washington Medical Center Phase I,Electrical,1,25000,0,25000,0
SC,201,150000-013002,101,500251,ADVANCED FILTER & MECH.,7/5/2014 0:00,201,150000-013,University of Washington Medical Center Phase I,Mechanical Design,1,14000,0,14000,0
SC,201,150000-013003,101,501626,CAD SOLUTIONS,7/5/2014 0:00,201,150000-013,University of Washington Medical Center Phase I,Mechanical CAD,1,1200,0,1200,0
SC,201,150000-014001,101,500133,ABLE ELECTRIC OF SPOKANE,7/5/2014 0:00,201,150000-014,University of Washington Medical Center Phase I,Electrical,1,25000,0,25000,0
SC,201,150000-014002,101,500251,ADVANCED FILTER & MECH.,7/5/2014 0:00,201,150000-014,University of Washington Medical Center Phase I,Mechanical Design,1,1400,0,1400,0
SC,201,150000-014003,101,501626,CAD SOLUTIONS,7/5/2014 0:00,201,150000-014,University of Washington Medical Center Phase I,Mechanical CAD,1,1200,0,1200,0
SC,201,150000-015001,101,500133,ABLE ELECTRIC OF SPOKANE,7/5/2014 0:00,201,150000-015,University of Washington Medical Center Phase I,Electrical,1,25000,0,25000,0
SC,201,150000-015002,101,500251,ADVANCED FILTER & MECH.,7/5/2014 0:00,201,150000-015,University of Washington Medical Center Phase I,Mechanical Design,1,14000,0,14000,0
SC,201,150000-015003,101,501626,CAD SOLUTIONS,7/5/2014 0:00,201,150000-015,University of Washington Medical Center Phase I,Mechanical CAD,1,1200,0,1200,0
SC,201,150000-016001,101,500133,ABLE ELECTRIC OF SPOKANE,7/5/2014 0:00,201,150000-016,University of Washington Medical Center Phase I,Electrical,1,25000,0,25000,0
SC,201,150000-016002,101,500251,ADVANCED FILTER & MECH.,7/5/2014 0:00,201,150000-016,University of Washington Medical Center Phase I,Mechanical Design,1,14000,0,14000,0
SC,201,150000-016003,101,501626,CAD SOLUTIONS,7/5/2014 0:00,201,150000-016,University of Washington Medical Center Phase I,Mechanical CAD,1,1200,0,1200,0
SC,201,150000-017001,101,500133,ABLE ELECTRIC OF SPOKANE,7/5/2014 0:00,201,150000-017,University of Washington Medical Center Phase I,Electrical,1,25000,0,25000,0
SC,201,150000-017002,101,500251,ADVANCED FILTER & MECH.,7/5/2014 0:00,201,150000-017,University of Washington Medical Center Phase I,Mechanical Design,1,14000,0,14000,0
SC,201,150000-017003,101,501626,CAD SOLUTIONS,7/5/2014 0:00,201,150000-017,University of Washington Medical Center Phase I,Mechanical CAD,1,1200,0,1200,0
SC,201,150000-018001,101,500133,ABLE ELECTRIC OF SPOKANE,7/4/2014 0:00,201,150000-018,University of Washington Medical Center Phase I,Electrical,1,25000,0,25000,0
SC,201,150000-018002,101,500251,ADVANCED FILTER & MECH.,7/4/2014 0:00,201,150000-018,University of Washington Medical Center Phase I,Mechanical Design,1,14000,0,14000,0
SC,201,150000-018003,101,501626,CAD SOLUTIONS,7/4/2014 0:00,201,150000-018,University of Washington Medical Center Phase I,Mechainical CAD,1,1200,0,1200,0
SC,201,150000-019001,101,500133,ABLE ELECTRIC OF SPOKANE,7/4/2014 0:00,201,150000-019,University of Washington Medical Center Phase I,electrical,1,25000,0,25000,0
SC,201,150000-019002,101,500251,ADVANCED FILTER & MECH.,7/4/2014 0:00,201,150000-019,University of Washington Medical Center Phase I,Mechanical Design,1,14000,0,14000,0
SC,201,150000-019003,101,501626,CAD SOLUTIONS,7/4/2014 0:00,201,150000-019,University of Washington Medical Center Phase I,Mechanical CAD,1,1200,0,1200,0
SC,201,150000-020001,101,500133,ABLE ELECTRIC OF SPOKANE,7/4/2014 0:00,201,150000-020,University of Washington Medical Center Phase I,Electrical,1,25000,0,25000,0
SC,201,150000-020002,101,500251,ADVANCED FILTER & MECH.,7/4/2014 0:00,201,150000-020,University of Washington Medical Center Phase I,Mechanical Design,1,14000,0,14000,0
SC,201,150000-020003,101,501626,CAD SOLUTIONS,7/4/2014 0:00,201,150000-020,University of Washington Medical Center Phase I,Mechanical CAD,1,1200,0,1200,0
SC,201,150000-021001,101,500133,ABLE ELECTRIC OF SPOKANE,7/4/2014 0:00,201,150000-021,University of Washington Medical Center Phase I,Electrical,1,25000,0,25000,0
SC,201,150000-021002,101,500251,ADVANCED FILTER & MECH.,7/4/2014 0:00,201,150000-021,University of Washington Medical Center Phase I,Mechanical Design,1,14000,0,14000,0
SC,201,150000-021003,101,501626,CAD SOLUTIONS,7/4/2014 0:00,201,150000-021,University of Washington Medical Center Phase I,Mechanical CAD,1,1200,0,1200,0
SC,201,150000-022001,101,500133,ABLE ELECTRIC OF SPOKANE,7/4/2014 0:00,201,150000-022,University of Washington Medical Center Phase I,electrical,1,25000,0,25000,0
SC,201,150000-022002,101,500251,ADVANCED FILTER & MECH.,7/4/2014 0:00,201,150000-022,University of Washington Medical Center Phase I,mechanical design,1,14000,0,14000,0
SC,201,150000-022003,101,501626,CAD SOLUTIONS,7/4/2014 0:00,201,150000-022,University of Washington Medical Center Phase I,mechanical cad,1,1200,0,1200,0
SC,201,150000-023001,101,500133,ABLE ELECTRIC OF SPOKANE,7/4/2014 0:00,201,150000-023,University of Washington Medical Center Phase I,Electrical,1,25000,0,25000,0
SC,201,150000-023002,101,500251,ADVANCED FILTER & MECH.,7/4/2014 0:00,201,150000-023,University of Washington Medical Center Phase I,Mechanical Design,1,14000,0,14000,0
SC,201,150000-023003,101,501626,CAD SOLUTIONS,7/4/2014 0:00,201,150000-023,University of Washington Medical Center Phase I,Mechanical CAD,1,1200,0,1200,0
SC,201,150000-024001,101,500133,ABLE ELECTRIC OF SPOKANE,7/4/2014 0:00,201,150000-024,University of Washington Medical Center Phase I,Electrical,1,25000,0,25000,0
SC,201,150000-024002,101,500251,ADVANCED FILTER & MECH.,7/4/2014 0:00,201,150000-024,University of Washington Medical Center Phase I,Mechanical Design,1,14000,0,14000,0
SC,201,150000-024003,101,501626,CAD SOLUTIONS,7/4/2014 0:00,201,150000-024,University of Washington Medical Center Phase I,Mechanical CAD,1,1200,0,1200,0
SC,201,150000-025001,101,500133,ABLE ELECTRIC OF SPOKANE,7/4/2014 0:00,201,150000-025,University of Washington Medical Center Phase I,electrical,1,25000,0,25000,0
SC,201,150000-025002,101,500251,ADVANCED FILTER & MECH.,7/4/2014 0:00,201,150000-025,University of Washington Medical Center Phase I,Mechanical Design,1,14000,0,14000,0
SC,201,150000-025003,101,501626,CAD SOLUTIONS,7/4/2014 0:00,201,150000-025,University of Washington Medical Center Phase I,Mechanical CAD,1,1200,0,1200,0
SC,201,150000-026001,101,500133,ABLE ELECTRIC OF SPOKANE,7/4/2014 0:00,201,150000-026,University of Washington Medical Center Phase I,Electrical,1,25000,0,25000,0
SC,201,150000-026002,101,500251,ADVANCED FILTER & MECH.,7/4/2014 0:00,201,150000-026,University of Washington Medical Center Phase I,Mechanical Design,1,14000,0,14000,0
SC,201,150000-026003,101,501626,CAD SOLUTIONS,7/4/2014 0:00,201,150000-026,University of Washington Medical Center Phase I,Mechanical CAD,1,1200,0,1200,0
SC,201,150000-027001,101,500133,ABLE ELECTRIC OF SPOKANE,7/4/2014 0:00,201,150000-027,University of Washington Medical Center Phase I,Electrical,1,25000,0,25000,0
SC,201,150000-027002,101,500251,ADVANCED FILTER & MECH.,7/4/2014 0:00,201,150000-027,University of Washington Medical Center Phase I,Mechanical Design,1,14000,0,14000,0
SC,201,150000-027003,101,501626,CAD SOLUTIONS,7/4/2014 0:00,201,150000-027,University of Washington Medical Center Phase I,Mechanical CAD,1,1200,0,1200,0
SC,201,150000-028001,101,500133,ABLE ELECTRIC OF SPOKANE,7/4/2014 0:00,201,150000-028,University of Washington Medical Center Phase I,Electrical,1,25000,0,25000,0
SC,201,150000-028002,101,500251,ADVANCED FILTER & MECH.,7/4/2014 0:00,201,150000-028,University of Washington Medical Center Phase I,Mechanical Design,1,14000,0,14000,0
SC,201,150000-028003,101,501626,CAD SOLUTIONS,7/4/2014 0:00,201,150000-028,University of Washington Medical Center Phase I,Mechanical CAD,1,1200,0,1200,0
SC,201,150000-029001,101,500133,ABLE ELECTRIC OF SPOKANE,7/4/2014 0:00,201,150000-029,University of Washington Medical Center Phase I,Electrical,1,25000,0,25000,0
SC,201,150000-029002,101,500251,ADVANCED FILTER & MECH.,7/4/2014 0:00,201,150000-029,University of Washington Medical Center Phase I,Mechanical Design,1,14000,0,14000,0
SC,201,150000-029003,101,501626,CAD SOLUTIONS,7/4/2014 0:00,201,150000-029,University of Washington Medical Center Phase I,Mechanical CAD,1,1200,0,1200,0
SC,201,150000-030001,101,500133,ABLE ELECTRIC OF SPOKANE,7/4/2014 0:00,201,150000-030,University of Washington Medical Center Phase I,Electrical,1,25000,0,25000,0
SC,201,150000-030002,101,500251,ADVANCED FILTER & MECH.,7/4/2014 0:00,201,150000-030,University of Washington Medical Center Phase I,Mechaical Design,1,14000,0,14000,0
SC,201,150000-030003,101,501626,CAD SOLUTIONS,7/4/2014 0:00,201,150000-030,University of Washington Medical Center Phase I,Mechanical CAD,1,1200,0,1200,0
SC,201,150000-031001,101,500133,ABLE ELECTRIC OF SPOKANE,7/4/2014 0:00,201,150000-031,University of Washington Medical Center Phase I,Electrical,1,25000,0,25000,0
SC,201,150000-031002,101,500251,ADVANCED FILTER & MECH.,7/4/2014 0:00,201,150000-031,University of Washington Medical Center Phase I,MEchanical Design,1,14000,0,14000,0
SC,201,150000-031003,101,501626,CAD SOLUTIONS,7/4/2014 0:00,201,150000-031,University of Washington Medical Center Phase I,Mechanical CAD,1,1200,0,1200,0
SC,201,150000-032001,101,500133,ABLE ELECTRIC OF SPOKANE,7/4/2014 0:00,201,150000-032,University of Washington Medical Center Phase I,Electrical,1,25000,0,25000,0
SC,201,150000-032002,101,500251,ADVANCED FILTER & MECH.,7/4/2014 0:00,201,150000-032,University of Washington Medical Center Phase I,Mechanical Design,1,14000,0,14000,0
SC,201,150000-032003,101,501626,CAD SOLUTIONS,7/4/2014 0:00,201,150000-032,University of Washington Medical Center Phase I,Mechanical CAD,1,1200,0,1200,0
SC,201,150000-033001,101,500133,ABLE ELECTRIC OF SPOKANE,7/4/2014 0:00,201,150000-033,University of Washington Medical Center Phase I,Electrical,1,25000,0,25000,0
SC,201,150000-033002,101,500251,ADVANCED FILTER & MECH.,7/4/2014 0:00,201,150000-033,University of Washington Medical Center Phase I,Mechanical Design,1,14000,0,14000,0
SC,201,150000-033003,101,501626,CAD SOLUTIONS,7/4/2014 0:00,201,150000-033,University of Washington Medical Center Phase I,Mechanical CAD,1,1200,0,1200,0
